pickup_date,pickup_hour,is_weekend,ride_count,Temperature (F),Wind Speed (mph),Precip. (in),Condition_All_Cloudy,Condition_All_Fair,Condition_All_Fog,Condition_All_Rain,Condition_All_Storm
6/1/2024,0,1,38854,67,10,0,0,1,0,0,0
6/1/2024,1,1,30675,67,10,0,0,1,0,0,0
6/1/2024,2,1,22535,66,9,0,0,1,0,0,0
6/1/2024,3,1,17082,65,3,0,0,1,0,0,0
6/1/2024,4,1,13947,64,12,0,0,1,0,0,0
6/1/2024,5,1,11762,65,10,0,0,1,0,0,0
6/1/2024,6,1,14445,64,10,0,0,1,0,0,0
6/1/2024,7,1,19051,65,13,0,0,1,0,0,0
6/1/2024,8,1,23718,66,8,0,0,1,0,0,0
6/1/2024,9,1,28714,68,8,0,0,1,0,0,0
6/1/2024,10,1,31383,71,7,0,0,1,0,0,0
6/1/2024,11,1,33291,74,6,0,0,1,0,0,0
6/1/2024,12,1,34820,77,6,0,0,1,0,0,0
6/1/2024,13,1,35976,79,3,0,0,1,0,0,0
6/1/2024,14,1,37870,81,5,0,0,1,0,0,0
6/1/2024,15,1,38569,82,12,0,1,0,0,0,0
6/1/2024,16,1,39259,84,8,0,1,0,0,0,0
6/1/2024,17,1,41976,84,7,0,1,0,0,0,0
6/1/2024,18,1,44719,82,7,0,1,0,0,0,0
6/1/2024,19,1,45330,83,10,0,1,0,0,0,0
6/1/2024,20,1,41892,81,9,0,1,0,0,0,0
6/1/2024,21,1,43931,80,12,0,1,0,0,0,0
6/1/2024,22,1,47268,78,8,0,1,0,0,0,0
6/1/2024,23,1,47984,78,8,0,1,0,0,0,0
6/2/2024,0,1,43632,77,9,0,1,0,0,0,0
6/2/2024,1,1,36116,76,7,0,1,0,0,0,0
6/2/2024,2,1,27158,73,10,0,1,0,0,0,0
6/2/2024,3,1,20635,73,8,0,1,0,0,0,0
6/2/2024,4,1,15989,72,7,0,1,0,0,0,0
6/2/2024,5,1,12641,70,0,0,1,0,0,0,0
6/2/2024,6,1,13948,70,0,0,1,0,0,0,0
6/2/2024,7,1,15625,70,0,0,1,0,0,0,0
6/2/2024,8,1,18292,71,0,0,1,0,0,0,0
6/2/2024,9,1,24205,72,0,0,1,0,0,0,0
6/2/2024,10,1,29062,74,5,0,1,0,0,0,0
6/2/2024,11,1,30192,79,8,0,1,0,0,0,0
6/2/2024,12,1,31115,81,8,0,1,0,0,0,0
6/2/2024,13,1,31970,81,7,0,1,0,0,0,0
6/2/2024,14,1,33382,82,13,0,1,0,0,0,0
6/2/2024,15,1,34074,82,9,0,1,0,0,0,0
6/2/2024,16,1,34044,81,17,0,1,0,0,0,0
6/2/2024,17,1,33792,79,12,0,1,0,0,0,0
6/2/2024,18,1,34421,80,13,0,1,0,0,0,0
6/2/2024,19,1,32085,80,5,0,1,0,0,0,0
6/2/2024,20,1,30775,76,8,0,1,0,0,0,0
6/2/2024,21,1,32197,74,9,0,1,0,0,0,0
6/2/2024,22,1,30312,73,7,0,1,0,0,0,0
6/2/2024,23,1,25087,74,0,0,1,0,0,0,0
6/3/2024,0,0,18043,75,8,0,1,0,0,0,0
6/3/2024,1,0,10165,76,5,0,1,0,0,0,0
6/3/2024,2,0,6608,74,8,0,1,0,0,0,0
6/3/2024,3,0,5490,74,3,0,1,0,0,0,0
6/3/2024,4,0,8019,73,0,0,1,0,0,0,0
6/3/2024,5,0,11947,73,6,0,1,0,0,0,0
6/3/2024,6,0,20538,73,7,0,1,0,0,0,0
6/3/2024,7,0,32180,74,5,0,1,0,0,0,0
6/3/2024,8,0,38041,74,5,0,1,0,0,0,0
6/3/2024,9,0,31022,75,6,0,1,0,0,0,0
6/3/2024,10,0,25494,79,0,0,1,0,0,0,0
6/3/2024,11,0,24165,81,3,0,1,0,0,0,0
6/3/2024,12,0,24865,82,5,0,1,0,0,0,0
6/3/2024,13,0,26092,82,6,0,1,0,0,0,0
6/3/2024,14,0,29231,84,7,0,1,0,0,0,0
6/3/2024,15,0,29882,84,12,0,1,0,0,0,0
6/3/2024,16,0,30942,85,8,0,1,0,0,0,0
6/3/2024,17,0,34294,83,9,0,1,0,0,0,0
6/3/2024,18,0,33532,83,9,0,1,0,0,0,0
6/3/2024,19,0,29357,84,9,0,1,0,0,0,0
6/3/2024,20,0,27187,81,8,0,1,0,0,0,0
6/3/2024,21,0,29587,78,7,0,1,0,0,0,0
6/3/2024,22,0,28241,76,8,0,1,0,0,0,0
6/3/2024,23,0,22690,76,8,0,1,0,0,0,0
6/4/2024,0,0,15190,75,7,0,1,0,0,0,0
6/4/2024,1,0,8311,70,6,0,1,0,0,0,0
6/4/2024,2,0,5379,69,3,0,1,0,0,0,0
6/4/2024,3,0,4597,69,3,0,1,0,0,0,0
6/4/2024,4,0,6488,69,7,0,1,0,0,0,0
6/4/2024,5,0,10726,67,8,0,1,0,0,0,0
6/4/2024,6,0,20286,66,10,0,0,1,0,0,0
6/4/2024,7,0,33402,64,13,0,0,0,1,0,0
6/4/2024,8,0,38610,65,12,0,0,0,1,0,0
6/4/2024,9,0,32128,66,13,0,0,0,1,0,0
6/4/2024,10,0,26823,68,12,0,0,1,0,0,0
6/4/2024,11,0,25242,69,12,0,0,1,0,0,0
6/4/2024,12,0,25576,74,12,0,1,0,0,0,0
6/4/2024,13,0,26246,77,8,0,1,0,0,0,0
6/4/2024,14,0,29236,79,10,0,1,0,0,0,0
6/4/2024,15,0,30359,80,9,0,1,0,0,0,0
6/4/2024,16,0,31151,80,8,0,1,0,0,0,0
6/4/2024,17,0,35015,79,10,0,1,0,0,0,0
6/4/2024,18,0,36012,76,12,0,1,0,0,0,0
6/4/2024,19,0,32163,73,13,0,1,0,0,0,0
6/4/2024,20,0,31553,72,7,0,1,0,0,0,0
6/4/2024,21,0,33836,70,8,0,1,0,0,0,0
6/4/2024,22,0,32883,68,6,0,1,0,0,0,0
6/4/2024,23,0,26188,67,9,0,1,0,0,0,0
6/5/2024,0,0,17356,66,8,0,1,0,0,0,0
6/5/2024,1,0,9649,66,8,0,1,0,0,0,0
6/5/2024,2,0,6002,66,6,0,1,0,0,0,0
6/5/2024,3,0,5167,66,8,0,1,0,0,0,0
6/5/2024,4,0,7336,66,9,0,1,0,0,0,0
6/5/2024,5,0,11441,66,5,0,1,0,0,0,0
6/5/2024,6,0,20797,66,7,0,0,1,0,0,0
6/5/2024,7,0,34688,66,8,0,1,0,0,0,0
6/5/2024,8,0,41510,68,6,0,0,0,1,0,0
6/5/2024,9,0,34354,70,7,0,0,0,1,0,0
6/5/2024,10,0,28218,71,6,0,1,0,0,0,0
6/5/2024,11,0,26521,73,6,0,1,0,0,0,0
6/5/2024,12,0,27299,75,6,0,1,0,0,0,0
6/5/2024,13,0,27875,78,7,0,1,0,0,0,0
6/5/2024,14,0,31589,79,12,0,1,0,0,0,0
6/5/2024,15,0,32152,79,13,0,1,0,0,0,0
6/5/2024,16,0,33516,78,18,0,1,0,0,0,0
6/5/2024,17,0,38252,77,15,0,1,0,0,0,0
6/5/2024,18,0,39361,76,15,0,1,0,0,0,0
6/5/2024,19,0,35892,75,17,0,1,0,0,0,0
6/5/2024,20,0,34233,74,10,0,1,0,0,0,0
6/5/2024,21,0,35877,72,13,0,1,0,0,0,0
6/5/2024,22,0,35950,72,12,0,1,0,0,0,0
6/5/2024,23,0,30602,73,9,0,1,0,0,0,0
6/6/2024,0,0,21913,70,9,0,1,0,0,0,0
6/6/2024,1,0,15658,70,10,0,1,0,0,0,0
6/6/2024,2,0,8674,70,9,0.1,0,0,0,1,0
6/6/2024,3,0,6704,70,15,0,0,0,0,1,0
6/6/2024,4,0,9247,70,13,0.1,0,0,0,1,0
6/6/2024,5,0,13626,70,7,0.1,0,0,0,1,0
6/6/2024,6,0,22007,70,9,0.1,0,0,0,1,0
6/6/2024,7,0,33029,72,0,0,1,0,0,0,0
6/6/2024,8,0,40430,73,0,0,1,0,0,0,0
6/6/2024,9,0,35543,75,9,0,1,0,0,0,0
6/6/2024,10,0,29752,77,12,0,1,0,0,0,0
6/6/2024,11,0,28776,76,10,0,1,0,0,0,0
6/6/2024,12,0,28452,74,9,0,1,0,0,0,0
6/6/2024,13,0,29641,77,5,0,1,0,0,0,0
6/6/2024,14,0,33617,80,3,0,1,0,0,0,0
6/6/2024,15,0,40954,82,7,0,1,0,0,0,0
6/6/2024,16,0,38970,75,7,0.1,1,0,0,0,0
6/6/2024,17,0,39331,74,6,0.1,1,0,0,0,0
6/6/2024,18,0,40494,76,5,0,1,0,0,0,0
6/6/2024,19,0,37408,80,6,0,1,0,0,0,0
6/6/2024,20,0,35686,82,9,0,1,0,0,0,0
6/6/2024,21,0,39772,73,14,0,1,0,0,0,0
6/6/2024,22,0,37856,73,7,0,0,0,0,1,0
6/6/2024,23,0,34647,72,0,0,1,0,0,0,0
6/7/2024,0,0,25346,71,0,0,0,1,0,0,0
6/7/2024,1,0,15857,70,0,0,0,1,0,0,0
6/7/2024,2,0,10502,70,0,0,0,1,0,0,0
6/7/2024,3,0,8054,70,0,0,0,1,0,0,0
6/7/2024,4,0,9770,68,0,0,0,1,0,0,0
6/7/2024,5,0,13167,67,3,0,0,1,0,0,0
6/7/2024,6,0,21088,68,3,0,1,0,0,0,0
6/7/2024,7,0,32981,70,3,0,1,0,0,0,0
6/7/2024,8,0,37331,73,7,0,1,0,0,0,0
6/7/2024,9,0,33460,73,5,0,1,0,0,0,0
6/7/2024,10,0,30257,75,3,0,1,0,0,0,0
6/7/2024,11,0,29658,79,5,0,1,0,0,0,0
6/7/2024,12,0,30938,81,3,0,0,1,0,0,0
6/7/2024,13,0,31848,83,10,0,1,0,0,0,0
6/7/2024,14,0,34228,83,10,0,1,0,0,0,0
6/7/2024,15,0,35732,85,13,0,1,0,0,0,0
6/7/2024,16,0,37221,83,13,0,1,0,0,0,0
6/7/2024,17,0,40874,80,17,0,1,0,0,0,0
6/7/2024,18,0,43197,82,18,0,1,0,0,0,0
6/7/2024,19,0,43168,81,16,0,1,0,0,0,0
6/7/2024,20,0,38613,73,22,0,1,0,0,0,0
6/7/2024,21,0,40346,71,13,0,0,1,0,0,0
6/7/2024,22,0,46683,69,12,0,0,1,0,0,0
6/7/2024,23,0,47211,68,10,0,0,1,0,0,0
6/8/2024,0,1,40233,68,10,0,0,1,0,0,0
6/8/2024,1,1,31420,68,13,0,0,1,0,0,0
6/8/2024,2,1,24022,67,10,0,0,1,0,0,0
6/8/2024,3,1,18146,67,8,0,0,1,0,0,0
6/8/2024,4,1,14939,67,10,0,0,1,0,0,0
6/8/2024,5,1,12496,66,8,0,0,1,0,0,0
6/8/2024,6,1,14665,65,13,0,0,1,0,0,0
6/8/2024,7,1,18404,66,17,0,0,1,0,0,0
6/8/2024,8,1,22605,68,16,0,0,1,0,0,0
6/8/2024,9,1,27053,69,13,0,0,1,0,0,0
6/8/2024,10,1,30042,71,15,0,0,1,0,0,0
6/8/2024,11,1,32038,74,13,0,0,1,0,0,0
6/8/2024,12,1,33733,75,22,0,1,0,0,0,0
6/8/2024,13,1,35306,77,22,0,1,0,0,0,0
6/8/2024,14,1,36909,78,14,0,1,0,0,0,0
6/8/2024,15,1,38223,77,16,0,1,0,0,0,0
6/8/2024,16,1,39151,77,17,0,1,0,0,0,0
6/8/2024,17,1,41504,78,14,0,1,0,0,0,0
6/8/2024,18,1,43047,78,12,0,1,0,0,0,0
6/8/2024,19,1,43049,78,16,0,1,0,0,0,0
6/8/2024,20,1,40231,78,12,0,1,0,0,0,0
6/8/2024,21,1,44032,76,9,0,0,1,0,0,0
6/8/2024,22,1,47994,76,8,0,0,1,0,0,0
6/8/2024,23,1,49103,76,8,0,0,1,0,0,0
6/9/2024,0,1,43556,74,7,0,0,1,0,0,0
6/9/2024,1,1,35161,74,6,0,0,1,0,0,0
6/9/2024,2,1,27051,73,8,0,0,1,0,0,0
6/9/2024,3,1,20546,72,6,0,1,0,0,0,0
6/9/2024,4,1,16174,70,0,0,0,1,0,0,0
6/9/2024,5,1,12870,70,6,0,1,0,0,0,0
6/9/2024,6,1,13466,70,6,0,1,0,0,0,0
6/9/2024,7,1,15641,71,9,0,1,0,0,0,0
6/9/2024,8,1,18849,71,12,0,1,0,0,0,0
6/9/2024,9,1,24253,72,16,0,0,0,0,1,0
6/9/2024,10,1,28589,72,17,0,1,0,0,0,0
6/9/2024,11,1,29989,72,18,0,1,0,0,0,0
6/9/2024,12,1,30647,73,20,0,1,0,0,0,0
6/9/2024,13,1,30909,74,14,0,1,0,0,0,0
6/9/2024,14,1,32170,72,21,0,1,0,0,0,0
6/9/2024,15,1,32509,72,13,0,1,0,0,0,0
6/9/2024,16,1,32749,73,15,0,1,0,0,0,0
6/9/2024,17,1,33883,74,8,0,1,0,0,0,0
6/9/2024,18,1,33395,74,21,0,1,0,0,0,0
6/9/2024,19,1,31945,75,15,0,1,0,0,0,0
6/9/2024,20,1,30334,74,13,0,1,0,0,0,0
6/9/2024,21,1,32452,73,8,0,1,0,0,0,0
6/9/2024,22,1,32128,73,7,0,1,0,0,0,0
6/9/2024,23,1,29123,72,5,0,0,1,0,0,0
6/10/2024,0,0,19725,67,10,0,1,0,0,0,0
6/10/2024,1,0,11204,65,7,0,1,0,0,0,0
6/10/2024,2,0,7093,66,5,0,1,0,0,0,0
6/10/2024,3,0,6396,67,14,0,1,0,0,0,0
6/10/2024,4,0,8800,65,14,0,0,1,0,0,0
6/10/2024,5,0,12628,64,13,0,0,1,0,0,0
6/10/2024,6,0,20309,63,16,0,0,1,0,0,0
6/10/2024,7,0,31281,63,15,0,0,1,0,0,0
6/10/2024,8,0,37961,64,14,0,0,1,0,0,0
6/10/2024,9,0,30895,65,13,0,0,1,0,0,0
6/10/2024,10,0,25923,67,15,0,0,1,0,0,0
6/10/2024,11,0,24422,69,15,0,1,0,0,0,0
6/10/2024,12,0,25042,71,12,0,1,0,0,0,0
6/10/2024,13,0,25932,71,14,0,1,0,0,0,0
6/10/2024,14,0,29131,73,8,0,1,0,0,0,0
6/10/2024,15,0,29489,75,7,0,1,0,0,0,0
6/10/2024,16,0,29787,75,7,0,1,0,0,0,0
6/10/2024,17,0,32533,73,8,0,1,0,0,0,0
6/10/2024,18,0,32870,75,10,0,1,0,0,0,0
6/10/2024,19,0,29041,74,10,0,1,0,0,0,0
6/10/2024,20,0,27604,72,9,0,1,0,0,0,0
6/10/2024,21,0,29194,71,9,0,1,0,0,0,0
6/10/2024,22,0,28006,69,12,0,1,0,0,0,0
6/10/2024,23,0,22688,67,9,0,1,0,0,0,0
6/11/2024,0,0,14945,67,9,0,1,0,0,0,0
6/11/2024,1,0,8559,66,7,0,1,0,0,0,0
6/11/2024,2,0,5586,66,8,0,1,0,0,0,0
6/11/2024,3,0,4902,64,10,0,1,0,0,0,0
6/11/2024,4,0,7221,63,9,0,1,0,0,0,0
6/11/2024,5,0,11282,62,9,0,0,1,0,0,0
6/11/2024,6,0,19999,62,6,0,1,0,0,0,0
6/11/2024,7,0,32500,62,3,0,1,0,0,0,0
6/11/2024,8,0,38753,64,8,0,1,0,0,0,0
6/11/2024,9,0,32143,65,7,0,1,0,0,0,0
6/11/2024,10,0,26342,67,5,0,1,0,0,0,0
6/11/2024,11,0,24876,68,7,0,1,0,0,0,0
6/11/2024,12,0,25007,69,5,0,1,0,0,0,0
6/11/2024,13,0,26221,71,6,0,1,0,0,0,0
6/11/2024,14,0,29224,70,6,0,1,0,0,0,0
6/11/2024,15,0,29419,71,6,0,1,0,0,0,0
6/11/2024,16,0,30498,71,0,0,1,0,0,0,0
6/11/2024,17,0,34561,73,6,0,1,0,0,0,0
6/11/2024,18,0,36307,72,5,0,1,0,0,0,0
6/11/2024,19,0,32995,70,8,0,1,0,0,0,0
6/11/2024,20,0,31379,69,8,0,1,0,0,0,0
6/11/2024,21,0,32936,69,3,0,1,0,0,0,0
6/11/2024,22,0,31799,70,6,0,1,0,0,0,0
6/11/2024,23,0,26302,68,6,0,1,0,0,0,0
6/12/2024,0,0,17719,67,7,0,1,0,0,0,0
6/12/2024,1,0,10104,67,7,0,1,0,0,0,0
6/12/2024,2,0,6869,66,6,0,1,0,0,0,0
6/12/2024,3,0,5536,66,6,0,1,0,0,0,0
6/12/2024,4,0,7561,65,5,0,1,0,0,0,0
6/12/2024,5,0,11274,64,7,0,0,1,0,0,0
6/12/2024,6,0,20138,63,5,0,0,1,0,0,0
6/12/2024,7,0,32837,65,5,0,0,1,0,0,0
6/12/2024,8,0,39136,67,6,0,0,1,0,0,0
6/12/2024,9,0,32645,68,7,0,0,1,0,0,0
6/12/2024,10,0,26731,71,3,0,0,1,0,0,0
6/12/2024,11,0,25572,71,3,0,1,0,0,0,0
6/12/2024,12,0,25538,72,7,0,1,0,0,0,0
6/12/2024,13,0,26451,74,6,0,1,0,0,0,0
6/12/2024,14,0,30392,75,7,0,1,0,0,0,0
6/12/2024,15,0,30499,75,12,0,1,0,0,0,0
6/12/2024,16,0,31771,76,5,0,1,0,0,0,0
6/12/2024,17,0,37059,76,8,0,1,0,0,0,0
6/12/2024,18,0,38029,76,9,0,1,0,0,0,0
6/12/2024,19,0,34036,74,12,0,1,0,0,0,0
6/12/2024,20,0,32455,73,7,0,1,0,0,0,0
6/12/2024,21,0,35526,70,13,0,0,1,0,0,0
6/12/2024,22,0,34763,69,12,0,0,1,0,0,0
6/12/2024,23,0,30085,68,7,0,0,1,0,0,0
6/13/2024,0,0,20025,68,5,0,0,1,0,0,0
6/13/2024,1,0,11705,67,3,0,0,1,0,0,0
6/13/2024,2,0,7790,67,6,0,0,1,0,0,0
6/13/2024,3,0,6286,66,3,0,0,1,0,0,0
6/13/2024,4,0,8625,65,0,0,0,1,0,0,0
6/13/2024,5,0,12271,66,0,0,0,1,0,0,0
6/13/2024,6,0,20819,67,0,0,0,1,0,0,0
6/13/2024,7,0,34068,69,0,0,0,1,0,0,0
6/13/2024,8,0,40330,72,3,0,1,0,0,0,0
6/13/2024,9,0,33668,75,5,0,1,0,0,0,0
6/13/2024,10,0,28567,77,3,0,1,0,0,0,0
6/13/2024,11,0,27069,81,0,0,1,0,0,0,0
6/13/2024,12,0,28080,83,7,0,1,0,0,0,0
6/13/2024,13,0,29514,83,5,0,1,0,0,0,0
6/13/2024,14,0,33145,84,17,0,1,0,0,0,0
6/13/2024,15,0,33291,84,20,0,1,0,0,0,0
6/13/2024,16,0,35478,84,18,0,1,0,0,0,0
6/13/2024,17,0,40116,83,20,0,1,0,0,0,0
6/13/2024,18,0,40760,80,21,0,0,1,0,0,0
6/13/2024,19,0,37833,79,12,0,0,1,0,0,0
6/13/2024,20,0,35039,77,13,0,0,1,0,0,0
6/13/2024,21,0,38440,75,14,0,0,1,0,0,0
6/13/2024,22,0,38467,75,10,0,0,1,0,0,0
6/13/2024,23,0,34644,76,13,0,0,1,0,0,0
6/14/2024,0,0,25087,74,13,0,0,1,0,0,0
6/14/2024,1,0,15805,73,12,0,0,1,0,0,0
6/14/2024,2,0,10710,73,8,0,0,1,0,0,0
6/14/2024,3,0,8394,72,8,0,0,1,0,0,0
6/14/2024,4,0,10174,71,7,0,1,0,0,0,0
6/14/2024,5,0,13533,71,8,0,0,1,0,0,0
6/14/2024,6,0,20985,71,9,0,1,0,0,0,0
6/14/2024,7,0,32994,72,10,0,1,0,0,0,0
6/14/2024,8,0,39682,75,10,0,1,0,0,0,0
6/14/2024,9,0,34306,75,12,0,1,0,0,0,0
6/14/2024,10,0,30879,78,10,0,1,0,0,0,0
6/14/2024,11,0,31035,80,6,0,1,0,0,0,0
6/14/2024,12,0,32081,83,3,0,1,0,0,0,0
6/14/2024,13,0,32892,84,12,0,1,0,0,0,0
6/14/2024,14,0,35538,84,9,0,1,0,0,0,0
6/14/2024,15,0,35658,85,12,0,1,0,0,0,0
6/14/2024,16,0,36276,83,7,0,1,0,0,0,0
6/14/2024,17,0,41215,79,10,0,1,0,0,0,0
6/14/2024,18,0,49800,80,8,0,1,0,0,0,0
6/14/2024,19,0,57982,75,13,0,0,0,0,1,0
6/14/2024,20,0,40678,68,8,0.2,1,0,0,0,0
6/14/2024,21,0,41451,70,9,0,0,0,0,1,0
6/14/2024,22,0,43186,69,5,0,1,0,0,0,0
6/14/2024,23,0,44525,68,7,0,1,0,0,0,0
6/15/2024,0,1,37638,69,7,0,1,0,0,0,0
6/15/2024,1,1,29011,69,5,0,1,0,0,0,0
6/15/2024,2,1,22712,68,3,0,1,0,0,0,0
6/15/2024,3,1,17172,69,6,0,1,0,0,0,0
6/15/2024,4,1,14476,68,8,0,0,1,0,0,0
6/15/2024,5,1,12021,67,5,0,0,1,0,0,0
6/15/2024,6,1,15059,68,10,0,0,1,0,0,0
6/15/2024,7,1,18484,68,20,0,0,1,0,0,0
6/15/2024,8,1,22776,69,14,0,0,1,0,0,0
6/15/2024,9,1,28281,70,16,0,0,1,0,0,0
6/15/2024,10,1,31032,72,15,0,0,1,0,0,0
6/15/2024,11,1,32694,73,18,0,0,1,0,0,0
6/15/2024,12,1,33591,75,18,0,0,1,0,0,0
6/15/2024,13,1,35135,76,9,0,0,1,0,0,0
6/15/2024,14,1,36436,78,8,0,1,0,0,0,0
6/15/2024,15,1,37269,79,10,0,1,0,0,0,0
6/15/2024,16,1,39747,81,5,0,1,0,0,0,0
6/15/2024,17,1,42311,81,8,0,1,0,0,0,0
6/15/2024,18,1,43230,81,6,0,1,0,0,0,0
6/15/2024,19,1,43992,80,16,0,1,0,0,0,0
6/15/2024,20,1,40604,78,14,0,0,1,0,0,0
6/15/2024,21,1,42767,77,12,0,0,1,0,0,0
6/15/2024,22,1,44871,75,5,0,1,0,0,0,0
6/15/2024,23,1,45551,73,3,0,0,1,0,0,0
6/16/2024,0,1,42235,71,6,0,0,1,0,0,0
6/16/2024,1,1,33463,70,7,0,0,1,0,0,0
6/16/2024,2,1,25590,68,6,0,0,1,0,0,0
6/16/2024,3,1,19616,67,5,0,0,1,0,0,0
6/16/2024,4,1,15619,66,7,0,0,1,0,0,0
6/16/2024,5,1,12274,64,7,0,1,0,0,0,0
6/16/2024,6,1,12560,63,8,0,1,0,0,0,0
6/16/2024,7,1,15688,63,10,0,1,0,0,0,0
6/16/2024,8,1,19315,65,13,0,1,0,0,0,0
6/16/2024,9,1,22880,66,14,0,1,0,0,0,0
6/16/2024,10,1,27086,67,15,0,1,0,0,0,0
6/16/2024,11,1,28594,69,13,0,1,0,0,0,0
6/16/2024,12,1,29332,72,12,0,1,0,0,0,0
6/16/2024,13,1,29413,72,12,0,1,0,0,0,0
6/16/2024,14,1,30577,74,10,0,1,0,0,0,0
6/16/2024,15,1,31790,76,12,0,1,0,0,0,0
6/16/2024,16,1,32304,75,12,0,1,0,0,0,0
6/16/2024,17,1,32632,73,12,0,1,0,0,0,0
6/16/2024,18,1,33177,72,13,0,1,0,0,0,0
6/16/2024,19,1,32764,72,10,0,1,0,0,0,0
6/16/2024,20,1,30410,70,9,0,1,0,0,0,0
6/16/2024,21,1,30652,68,14,0,1,0,0,0,0
6/16/2024,22,1,30067,67,10,0,1,0,0,0,0
6/16/2024,23,1,28273,67,6,0,1,0,0,0,0
6/17/2024,0,0,21583,66,7,0,1,0,0,0,0
6/17/2024,1,0,13164,66,7,0,1,0,0,0,0
6/17/2024,2,0,8128,67,6,0,1,0,0,0,0
6/17/2024,3,0,6481,67,5,0,1,0,0,0,0
6/17/2024,4,0,8095,66,6,0,1,0,0,0,0
6/17/2024,5,0,11861,67,5,0,1,0,0,0,0
6/17/2024,6,0,18109,67,6,0,1,0,0,0,0
6/17/2024,7,0,25449,69,6,0,1,0,0,0,0
6/17/2024,8,0,32873,72,7,0,1,0,0,0,0
6/17/2024,9,0,29970,76,12,0,1,0,0,0,0
6/17/2024,10,0,25532,76,10,0,1,0,0,0,0
6/17/2024,11,0,24367,80,10,0,1,0,0,0,0
6/17/2024,12,0,24581,82,10,0,1,0,0,0,0
6/17/2024,13,0,25367,82,13,0,1,0,0,0,0
6/17/2024,14,0,26641,84,17,0,0,1,0,0,0
6/17/2024,15,0,27506,84,15,0,0,1,0,0,0
6/17/2024,16,0,28315,83,16,0,1,0,0,0,0
6/17/2024,17,0,31367,81,20,0,1,0,0,0,0
6/17/2024,18,0,31693,79,17,0,1,0,0,0,0
6/17/2024,19,0,28745,80,15,0,1,0,0,0,0
6/17/2024,20,0,27187,78,10,0,1,0,0,0,0
6/17/2024,21,0,27300,77,9,0,0,1,0,0,0
6/17/2024,22,0,25937,77,13,0,0,1,0,0,0
6/17/2024,23,0,23070,76,10,0,0,1,0,0,0
6/18/2024,0,0,15353,76,9,0,0,1,0,0,0
6/18/2024,1,0,8968,76,8,0,0,1,0,0,0
6/18/2024,2,0,5735,75,10,0,0,1,0,0,0
6/18/2024,3,0,4889,74,12,0,0,1,0,0,0
6/18/2024,4,0,6798,73,9,0,0,1,0,0,0
6/18/2024,5,0,10707,73,8,0,0,1,0,0,0
6/18/2024,6,0,19283,73,9,0,0,1,0,0,0
6/18/2024,7,0,31085,74,9,0,0,1,0,0,0
6/18/2024,8,0,38703,76,10,0,0,1,0,0,0
6/18/2024,9,0,33765,78,6,0,0,1,0,0,0
6/18/2024,10,0,28650,81,7,0,1,0,0,0,0
6/18/2024,11,0,27327,83,9,0,0,1,0,0,0
6/18/2024,12,0,27884,84,10,0,0,1,0,0,0
6/18/2024,13,0,28195,85,12,0,0,1,0,0,0
6/18/2024,14,0,31486,84,15,0,1,0,0,0,0
6/18/2024,15,0,32555,84,14,0,1,0,0,0,0
6/18/2024,16,0,32330,84,18,0,1,0,0,0,0
6/18/2024,17,0,35127,83,21,0,1,0,0,0,0
6/18/2024,18,0,37486,82,17,0,1,0,0,0,0
6/18/2024,19,0,34096,81,18,0,1,0,0,0,0
6/18/2024,20,0,31348,78,13,0,1,0,0,0,0
6/18/2024,21,0,32955,78,10,0,1,0,0,0,0
6/18/2024,22,0,33596,75,9,0,1,0,0,0,0
6/18/2024,23,0,29702,75,9,0,0,1,0,0,0
6/19/2024,0,0,22406,75,7,0,1,0,0,0,0
6/19/2024,1,0,14602,75,8,0,1,0,0,0,0
6/19/2024,2,0,9735,74,8,0,1,0,0,0,0
6/19/2024,3,0,7663,74,9,0,1,0,0,0,0
6/19/2024,4,0,8827,73,8,0,1,0,0,0,0
6/19/2024,5,0,10497,73,7,0,1,0,0,0,0
6/19/2024,6,0,14643,73,8,0,1,0,0,0,0
6/19/2024,7,0,17442,74,8,0,1,0,0,0,0
6/19/2024,8,0,23717,75,7,0,1,0,0,0,0
6/19/2024,9,0,26156,78,9,0,0,1,0,0,0
6/19/2024,10,0,27418,80,6,0,1,0,0,0,0
6/19/2024,11,0,28097,83,5,0,1,0,0,0,0
6/19/2024,12,0,29927,86,7,0,1,0,0,0,0
6/19/2024,13,0,30853,89,6,0,1,0,0,0,0
6/19/2024,14,0,32694,86,14,0,1,0,0,0,0
6/19/2024,15,0,33199,86,17,0,1,0,0,0,0
6/19/2024,16,0,33528,85,17,0,1,0,0,0,0
6/19/2024,17,0,35865,83,21,0,1,0,0,0,0
6/19/2024,18,0,36671,82,18,0,1,0,0,0,0
6/19/2024,19,0,32822,81,14,0,1,0,0,0,0
6/19/2024,20,0,28984,78,12,0,1,0,0,0,0
6/19/2024,21,0,32252,77,8,0,1,0,0,0,0
6/19/2024,22,0,33853,76,9,0,1,0,0,0,0
6/19/2024,23,0,28752,75,8,0,1,0,0,0,0
6/20/2024,0,0,19297,77,7,0,1,0,0,0,0
6/20/2024,1,0,11344,76,12,0,1,0,0,0,0
6/20/2024,2,0,7538,76,8,0,1,0,0,0,0
6/20/2024,3,0,5995,75,7,0,1,0,0,0,0
6/20/2024,4,0,8096,74,8,0,1,0,0,0,0
6/20/2024,5,0,11763,74,8,0,1,0,0,0,0
6/20/2024,6,0,20023,74,8,0,1,0,0,0,0
6/20/2024,7,0,32372,75,7,0,1,0,0,0,0
6/20/2024,8,0,40318,78,7,0,1,0,0,0,0
6/20/2024,9,0,35959,81,6,0,1,0,0,0,0
6/20/2024,10,0,30469,84,7,0,1,0,0,0,0
6/20/2024,11,0,30093,88,10,0,1,0,0,0,0
6/20/2024,12,0,30494,88,10,0,1,0,0,0,0
6/20/2024,13,0,31215,92,9,0,1,0,0,0,0
6/20/2024,14,0,34303,92,12,0,1,0,0,0,0
6/20/2024,15,0,34731,91,14,0,1,0,0,0,0
6/20/2024,16,0,35330,89,14,0,1,0,0,0,0
6/20/2024,17,0,38251,87,14,0,1,0,0,0,0
6/20/2024,18,0,39313,87,14,0,1,0,0,0,0
6/20/2024,19,0,36914,86,12,0,1,0,0,0,0
6/20/2024,20,0,34162,81,10,0,0,1,0,0,0
6/20/2024,21,0,35765,79,10,0,0,1,0,0,0
6/20/2024,22,0,36209,78,8,0,1,0,0,0,0
6/20/2024,23,0,31977,80,6,0,0,1,0,0,0
6/21/2024,0,0,23763,80,7,0,1,0,0,0,0
6/21/2024,1,0,14795,80,0,0,1,0,0,0,0
6/21/2024,2,0,10174,83,5,0,1,0,0,0,0
6/21/2024,3,0,7889,82,7,0,1,0,0,0,0
6/21/2024,4,0,9445,80,7,0,1,0,0,0,0
6/21/2024,5,0,12549,79,7,0,1,0,0,0,0
6/21/2024,6,0,20197,78,6,0,1,0,0,0,0
6/21/2024,7,0,31833,80,0,0,1,0,0,0,0
6/21/2024,8,0,40067,81,5,0,1,0,0,0,0
6/21/2024,9,0,35378,83,3,0,1,0,0,0,0
6/21/2024,10,0,32554,86,3,0,1,0,0,0,0
6/21/2024,11,0,33030,89,7,0,1,0,0,0,0
6/21/2024,12,0,33947,91,6,0,0,1,0,0,0
6/21/2024,13,0,34943,94,7,0,0,1,0,0,0
6/21/2024,14,0,37979,96,10,0,1,0,0,0,0
6/21/2024,15,0,38219,96,17,0,1,0,0,0,0
6/21/2024,16,0,38017,94,15,0,1,0,0,0,0
6/21/2024,17,0,42133,92,14,0,1,0,0,0,0
6/21/2024,18,0,44257,89,14,0,1,0,0,0,0
6/21/2024,19,0,44074,88,13,0,1,0,0,0,0
6/21/2024,20,0,39111,84,16,0,1,0,0,0,0
6/21/2024,21,0,39708,79,17,0,1,0,0,0,0
6/21/2024,22,0,44222,78,9,0,1,0,0,0,0
6/21/2024,23,0,44017,77,8,0,1,0,0,0,0
6/22/2024,0,1,37898,75,9,0,1,0,0,0,0
6/22/2024,1,1,29812,77,7,0,1,0,0,0,0
6/22/2024,2,1,23047,77,0,0,1,0,0,0,0
6/22/2024,3,1,16884,79,6,0,1,0,0,0,0
6/22/2024,4,1,13320,79,3,0,0,1,0,0,0
6/22/2024,5,1,11096,73,8,0,1,0,0,0,0
6/22/2024,6,1,14229,72,7,0,1,0,0,0,0
6/22/2024,7,1,17559,73,7,0,1,0,0,0,0
6/22/2024,8,1,22598,77,6,0,1,0,0,0,0
6/22/2024,9,1,27729,77,7,0,1,0,0,0,0
6/22/2024,10,1,31333,82,6,0,1,0,0,0,0
6/22/2024,11,1,34603,87,7,0,1,0,0,0,0
6/22/2024,12,1,36930,91,5,0,1,0,0,0,0
6/22/2024,13,1,38579,92,5,0,1,0,0,0,0
6/22/2024,14,1,41131,93,14,0,1,0,0,0,0
6/22/2024,15,1,40438,80,8,0.2,0,0,0,0,1
6/22/2024,16,1,40861,88,9,0,1,0,0,0,0
6/22/2024,17,1,42944,84,13,0,0,0,0,1,0
6/22/2024,18,1,45149,85,0,0,1,0,0,0,0
6/22/2024,19,1,44231,84,7,0,1,0,0,0,0
6/22/2024,20,1,44717,85,9,0,1,0,0,0,0
6/22/2024,21,1,50163,76,6,0,0,0,0,1,0
6/22/2024,22,1,47432,80,9,0,1,0,0,0,0
6/22/2024,23,1,47727,78,5,0,1,0,0,0,0
6/23/2024,0,1,42246,78,5,0,0,0,0,1,0
6/23/2024,1,1,32783,77,5,0,1,0,0,0,0
6/23/2024,2,1,25689,72,9,0,1,0,0,0,0
6/23/2024,3,1,19826,71,7,0,1,0,0,0,0
6/23/2024,4,1,15786,71,9,0,1,0,0,0,0
6/23/2024,5,1,12383,70,5,0,1,0,0,0,0
6/23/2024,6,1,13592,71,3,0,1,0,0,0,0
6/23/2024,7,1,16076,75,6,0,1,0,0,0,0
6/23/2024,8,1,18774,77,6,0,1,0,0,0,0
6/23/2024,9,1,24256,81,8,0,1,0,0,0,0
6/23/2024,10,1,29736,84,13,0,1,0,0,0,0
6/23/2024,11,1,31932,88,13,0,1,0,0,0,0
6/23/2024,12,1,33631,90,12,0,1,0,0,0,0
6/23/2024,13,1,34926,94,12,0,1,0,0,0,0
6/23/2024,14,1,36204,94,12,0,1,0,0,0,0
6/23/2024,15,1,36363,93,15,0,1,0,0,0,0
6/23/2024,16,1,35292,92,10,0,1,0,0,0,0
6/23/2024,17,1,36105,91,14,0,1,0,0,0,0
6/23/2024,18,1,35887,94,17,0,1,0,0,0,0
6/23/2024,19,1,33604,92,17,0,1,0,0,0,0
6/23/2024,20,1,31682,92,16,0,1,0,0,0,0
6/23/2024,21,1,31679,87,16,0,1,0,0,0,0
6/23/2024,22,1,30314,83,17,0,1,0,0,0,0
6/23/2024,23,1,25741,79,16,0,1,0,0,0,0
6/24/2024,0,0,18840,78,17,0,1,0,0,0,0
6/24/2024,1,0,12468,79,13,0,1,0,0,0,0
6/24/2024,2,0,8669,80,15,0,1,0,0,0,0
6/24/2024,3,0,6339,80,12,0,1,0,0,0,0
6/24/2024,4,0,8782,80,10,0,1,0,0,0,0
6/24/2024,5,0,12309,81,15,0,1,0,0,0,0
6/24/2024,6,0,19505,80,12,0,1,0,0,0,0
6/24/2024,7,0,29885,79,13,0,1,0,0,0,0
6/24/2024,8,0,38207,78,21,0,1,0,0,0,0
6/24/2024,9,0,33952,78,17,0,1,0,0,0,0
6/24/2024,10,0,28220,78,23,0,1,0,0,0,0
6/24/2024,11,0,26823,79,22,0,1,0,0,0,0
6/24/2024,12,0,26750,78,15,0,0,0,0,1,0
6/24/2024,13,0,26588,79,24,0,1,0,0,0,0
6/24/2024,14,0,29060,78,23,0,1,0,0,0,0
6/24/2024,15,0,29160,77,26,0,1,0,0,0,0
6/24/2024,16,0,29572,77,30,0,1,0,0,0,0
6/24/2024,17,0,32930,75,28,0,1,0,0,0,0
6/24/2024,18,0,33751,73,26,0,1,0,0,0,0
6/24/2024,19,0,30643,73,25,0,1,0,0,0,0
6/24/2024,20,0,28354,73,24,0,1,0,0,0,0
6/24/2024,21,0,28956,73,14,0,1,0,0,0,0
6/24/2024,22,0,27203,73,15,0,1,0,0,0,0
6/24/2024,23,0,23496,73,17,0,1,0,0,0,0
6/25/2024,0,0,17062,73,17,0,1,0,0,0,0
6/25/2024,1,0,9909,73,17,0,0,1,0,0,0
6/25/2024,2,0,6456,72,14,0,0,1,0,0,0
6/25/2024,3,0,5484,71,15,0,0,1,0,0,0
6/25/2024,4,0,8118,71,15,0,0,1,0,0,0
6/25/2024,5,0,11973,71,17,0,0,1,0,0,0
6/25/2024,6,0,19155,70,14,0,0,1,0,0,0
6/25/2024,7,0,30971,71,16,0,0,1,0,0,0
6/25/2024,8,0,38916,73,14,0,0,1,0,0,0
6/25/2024,9,0,35035,76,10,0,0,1,0,0,0
6/25/2024,10,0,28914,80,15,0,0,1,0,0,0
6/25/2024,11,0,27758,83,15,0,0,1,0,0,0
6/25/2024,12,0,28338,86,15,0,1,0,0,0,0
6/25/2024,13,0,29024,87,12,0,1,0,0,0,0
6/25/2024,14,0,31985,89,12,0,1,0,0,0,0
6/25/2024,15,0,31964,91,17,0,1,0,0,0,0
6/25/2024,16,0,31702,89,10,0,1,0,0,0,0
6/25/2024,17,0,35195,90,6,0,1,0,0,0,0
6/25/2024,18,0,35508,88,13,0,1,0,0,0,0
6/25/2024,19,0,33250,87,14,0,1,0,0,0,0
6/25/2024,20,0,30980,87,14,0,1,0,0,0,0
6/25/2024,21,0,33112,86,14,0,1,0,0,0,0
6/25/2024,22,0,32652,83,16,0,1,0,0,0,0
6/25/2024,23,0,27639,81,12,0,1,0,0,0,0
6/26/2024,0,0,18614,81,14,0,1,0,0,0,0
6/26/2024,1,0,11132,80,16,0,1,0,0,0,0
6/26/2024,2,0,7105,79,13,0,1,0,0,0,0
6/26/2024,3,0,5833,78,16,0,1,0,0,0,0
6/26/2024,4,0,8073,77,9,0,1,0,0,0,0
6/26/2024,5,0,11805,76,13,0,1,0,0,0,0
6/26/2024,6,0,19543,76,10,0,1,0,0,0,0
6/26/2024,7,0,31529,76,12,0,1,0,0,0,0
6/26/2024,8,0,40530,77,9,0,1,0,0,0,0
6/26/2024,9,0,36639,79,10,0,1,0,0,0,0
6/26/2024,10,0,30220,83,9,0,1,0,0,0,0
6/26/2024,11,0,28974,85,13,0,1,0,0,0,0
6/26/2024,12,0,28906,88,14,0,1,0,0,0,0
6/26/2024,13,0,29606,91,14,0,1,0,0,0,0
6/26/2024,14,0,32473,91,12,0,1,0,0,0,0
6/26/2024,15,0,31948,90,14,0,1,0,0,0,0
6/26/2024,16,0,32148,89,9,0,1,0,0,0,0
6/26/2024,17,0,34945,91,13,0,1,0,0,0,0
6/26/2024,18,0,37475,90,14,0,1,0,0,0,0
6/26/2024,19,0,36028,86,9,0,1,0,0,0,0
6/26/2024,20,0,38686,85,6,0,1,0,0,0,0
6/26/2024,21,0,41402,79,39,0,0,0,0,1,0
6/26/2024,22,0,36098,74,5,0.2,1,0,0,0,0
6/26/2024,23,0,31490,75,7,0,1,0,0,0,0
6/27/2024,0,0,22497,72,3,0,1,0,0,0,0
6/27/2024,1,0,15317,71,3,0,0,0,0,1,0
6/27/2024,2,0,9821,70,12,0,0,0,0,0,1
6/27/2024,3,0,7118,70,9,0.1,0,0,0,1,0
6/27/2024,4,0,9087,70,9,0,0,0,0,1,0
6/27/2024,5,0,12328,70,3,0,1,0,0,0,0
6/27/2024,6,0,19200,70,12,0,1,0,0,0,0
6/27/2024,7,0,28177,69,12,0,1,0,0,0,0
6/27/2024,8,0,36744,70,12,0,1,0,0,0,0
6/27/2024,9,0,35621,72,9,0,1,0,0,0,0
6/27/2024,10,0,30134,74,7,0,1,0,0,0,0
6/27/2024,11,0,28225,76,10,0,1,0,0,0,0
6/27/2024,12,0,28246,78,8,0,1,0,0,0,0
6/27/2024,13,0,28768,80,9,0,1,0,0,0,0
6/27/2024,14,0,29937,80,14,0,1,0,0,0,0
6/27/2024,15,0,31044,83,16,0,1,0,0,0,0
6/27/2024,16,0,31598,84,16,0,1,0,0,0,0
6/27/2024,17,0,35016,85,10,0,1,0,0,0,0
6/27/2024,18,0,36258,83,15,0,1,0,0,0,0
6/27/2024,19,0,35098,81,15,0,1,0,0,0,0
6/27/2024,20,0,34000,79,15,0,1,0,0,0,0
6/27/2024,21,0,35517,77,22,0,1,0,0,0,0
6/27/2024,22,0,36871,74,15,0,1,0,0,0,0
6/27/2024,23,0,34448,73,16,0,0,1,0,0,0
6/28/2024,0,0,26016,71,13,0,0,1,0,0,0
6/28/2024,1,0,16614,69,10,0,0,1,0,0,0
6/28/2024,2,0,11341,68,7,0,0,1,0,0,0
6/28/2024,3,0,9171,67,6,0,1,0,0,0,0
6/28/2024,4,0,10327,67,8,0,1,0,0,0,0
6/28/2024,5,0,13017,66,7,0,1,0,0,0,0
6/28/2024,6,0,19165,65,6,0,1,0,0,0,0
6/28/2024,7,0,26304,65,8,0,1,0,0,0,0
6/28/2024,8,0,33448,66,13,0,1,0,0,0,0
6/28/2024,9,0,31326,67,12,0,1,0,0,0,0
6/28/2024,10,0,28618,69,10,0,1,0,0,0,0
6/28/2024,11,0,28489,70,7,0,0,1,0,0,0
6/28/2024,12,0,28599,73,6,0,0,1,0,0,0
6/28/2024,13,0,29861,75,6,0,0,1,0,0,0
6/28/2024,14,0,30787,77,5,0,0,1,0,0,0
6/28/2024,15,0,32075,77,13,0,0,1,0,0,0
6/28/2024,16,0,33266,75,14,0,0,1,0,0,0
6/28/2024,17,0,36375,76,13,0,0,1,0,0,0
6/28/2024,18,0,39004,73,15,0,0,1,0,0,0
6/28/2024,19,0,39170,71,14,0,1,0,0,0,0
6/28/2024,20,0,38222,69,14,0,1,0,0,0,0
6/28/2024,21,0,39696,69,10,0,1,0,0,0,0
6/28/2024,22,0,44651,68,10,0,1,0,0,0,0
6/28/2024,23,0,44909,68,12,0,1,0,0,0,0
6/29/2024,0,1,38573,68,7,0,1,0,0,0,0
6/29/2024,1,1,30591,67,8,0,1,0,0,0,0
6/29/2024,2,1,25335,67,8,0,1,0,0,0,0
6/29/2024,3,1,19518,67,5,0,1,0,0,0,0
6/29/2024,4,1,16526,67,7,0,1,0,0,0,0
6/29/2024,5,1,13758,68,5,0,1,0,0,0,0
6/29/2024,6,1,15096,69,8,0,1,0,0,0,0
6/29/2024,7,1,17564,70,7,0,0,0,0,1,0
6/29/2024,8,1,21042,71,12,0,1,0,0,0,0
6/29/2024,9,1,25046,73,13,0,1,0,0,0,0
6/29/2024,10,1,27709,74,21,0,1,0,0,0,0
6/29/2024,11,1,29935,75,18,0,1,0,0,0,0
6/29/2024,12,1,30573,77,22,0,1,0,0,0,0
6/29/2024,13,1,32224,79,22,0,1,0,0,0,0
6/29/2024,14,1,34450,78,21,0,1,0,0,0,0
6/29/2024,15,1,36127,79,23,0,1,0,0,0,0
6/29/2024,16,1,36818,79,22,0,1,0,0,0,0
6/29/2024,17,1,39837,78,20,0,1,0,0,0,0
6/29/2024,18,1,41120,77,20,0,1,0,0,0,0
6/29/2024,19,1,41914,76,17,0,1,0,0,0,0
6/29/2024,20,1,39808,75,15,0,1,0,0,0,0
6/29/2024,21,1,45277,74,12,0,1,0,0,0,0
6/29/2024,22,1,52467,74,10,0,1,0,0,0,0
6/29/2024,23,1,47005,73,12,0,0,0,0,1,0
6/30/2024,0,1,42600,73,6,0,1,0,0,0,0
6/30/2024,1,1,36661,74,7,0,0,0,0,1,0
6/30/2024,2,1,27835,74,7,0,0,0,0,1,0
6/30/2024,3,1,21480,75,8,0,0,0,0,1,0
6/30/2024,4,1,17149,75,6,0,1,0,0,0,0
6/30/2024,5,1,14157,76,6,0,1,0,0,0,0
6/30/2024,6,1,13641,75,8,0,1,0,0,0,0
6/30/2024,7,1,14962,76,7,0,1,0,0,0,0
6/30/2024,8,1,17137,80,7,0,1,0,0,0,0
6/30/2024,9,1,21719,81,7,0,1,0,0,0,0
6/30/2024,10,1,26362,82,14,0,1,0,0,0,0
6/30/2024,11,1,28902,82,10,0,1,0,0,0,0
6/30/2024,12,1,29947,84,14,0,1,0,0,0,0
6/30/2024,13,1,29563,82,20,0,1,0,0,0,0
6/30/2024,14,1,30629,84,13,0,1,0,0,0,0
6/30/2024,15,1,31621,85,20,0,1,0,0,0,0
6/30/2024,16,1,35164,87,14,0,1,0,0,0,0
6/30/2024,17,1,38898,101,8,0.1,1,0,0,0,0
6/30/2024,18,1,34610,75,5,0,1,0,0,0,0
6/30/2024,19,1,30090,75,7,0,1,0,0,0,0
6/30/2024,20,1,27602,73,9,0,1,0,0,0,0
6/30/2024,21,1,29904,74,7,0,1,0,0,0,0
6/30/2024,22,1,30713,74,14,0,1,0,0,0,0
6/30/2024,23,1,26783,74,13,0,1,0,0,0,0
